Color,Highlighted Text
YELLOW,Adultery
YELLOW,ambivalent
YELLOW,unchaperoned
YELLOW,embeds
YELLOW,facilitate
YELLOW,regime
YELLOW,luxuriated
YELLOW,lilted
YELLOW,enlivening
YELLOW,starchy
YELLOW,intellectuals
YELLOW,tandem
YELLOW,loquacious virtuosos
YELLOW,plagued
YELLOW, 
YELLOW,pests
YELLOW,acquaintances
YELLOW,interval
YELLOW,preening
YELLOW,erudite
YELLOW,eccentric
YELLOW,rural
YELLOW,motoric
YELLOW,motor cortex
YELLOW,liftoff
YELLOW,idling
YELLOW,revved
YELLOW, 
YELLOW,rear up
YELLOW,neigh
YELLOW,folksy
YELLOW,overgeneralizing
YELLOW,dialogic
YELLOW,psychoanalytic
YELLOW,neighbourly
YELLOW,lionizing
YELLOW,totalitarian sympathies
YELLOW,peculiar
YELLOW,ominous
YELLOW,grapple
YELLOW,traverse
YELLOW,psyche
YELLOW,"some of the best of Jung, some of Freud, much of the great works of Nietzsche, Dostoevsky, Solzhenitsyn, Eliade, Neumann, Piaget, Frye and Frankl,"
YELLOW, 
YELLOW,agonized
YELLOW,purport
YELLOW,remedies
YELLOW, 
YELLOW,hubris
YELLOW,contraptions
YELLOW,gulag
YELLOW, 
YELLOW,conducted
YELLOW,grey
YELLOW,diligence
YELLOW,ardent
YELLOW,evangelizing
YELLOW,reductionist
YELLOW, 
YELLOW,worn-out
YELLOW,alas
YELLOW,freakishly
YELLOW,Rearing
YELLOW,deluded
YELLOW,neuroses
YELLOW,distaste
YELLOW,happenstance
YELLOW,postmodernist
YELLOW,arbitrary
YELLOW, 
YELLOW,paramount
YELLOW,aptly
YELLOW,devalue
YELLOW,passé
YELLOW,anachronistically
YELLOW,conjecture
YELLOW,scavenge
YELLOW,sovereignty
YELLOW,wren
YELLOW, 
YELLOW,avian
YELLOW,pre-emptive
YELLOW,merciless
YELLOW,swooping
YELLOW,perch
YELLOW,barnyard
YELLOW,scarcity
YELLOW, 
YELLOW,stringers
YELLOW,wannabes
YELLOW,suburbanites
YELLOW,wiliest
YELLOW,contagious
YELLOW,stratified
YELLOW, 
YELLOW,deign
YELLOW,subordinate
YELLOW,endemic
YELLOW,startle
YELLOW,moult
YELLOW,burrow
YELLOW, 
YELLOW,snugly ensconced
YELLOW,dispute
YELLOW,antennae
YELLOW,reflexively
YELLOW,dart
YELLOW,ensuing fray
YELLOW,escalated
YELLOW,vanquished
YELLOW,subordinate
YELLOW,kinship
YELLOW,cringing
YELLOW,modulate
YELLOW,appendages
YELLOW,reuptake
YELLOW,continuity
YELLOW,propel
YELLOW,tally
YELLOW,prolifically
YELLOW,hoard
YELLOW,dicta
YELLOW,computationally
YELLOW,aphrodisiacs
YELLOW,archetypal
YELLOW,pains
YELLOW,troupes
YELLOW,prowess
YELLOW,infants
YELLOW,ploy
YELLOW, 
YELLOW,suffice
YELLOW,disrobe
YELLOW,leisure
YELLOW,domicile
YELLOW,laden
YELLOW,exponentially
YELLOW,nouveau riche
YELLOW,truism
YELLOW,conservative
YELLOW,serpents
YELLOW,interchangeable
YELLOW,juxtaposed
YELLOW,conceptualize
YELLOW,pristine
YELLOW,dictates
YELLOW,erroneous
YELLOW,segregated
YELLOW,costlier
YELLOW,preferential
YELLOW,vie
YELLOW,counterpart
YELLOW,pitilessly
YELLOW,disparaging
YELLOW,liable
YELLOW,deprived
YELLOW, 
YELLOW,rungs
YELLOW,constraints
YELLOW,fringes
YELLOW,readiness
YELLOW,render
YELLOW,impulsive
YELLOW,sub-par
YELLOW,manifests
YELLOW,preparedness
YELLOW,buttressed
YELLOW,rehearsed
YELLOW,amplifier
YELLOW, 
YELLOW,deafening howling
YELLOW,exhilarating
YELLOW, 
YELLOW,plateau
YELLOW,metabolizes
YELLOW,ceases
YELLOW,stave off
YELLOW,acute
YELLOW,precipitates
YELLOW,anomalous
YELLOW,menopause
YELLOW,fluctuate
YELLOW,constituting
YELLOW,mortality
YELLOW,spirals
YELLOW,interpretable
YELLOW, pertaining
YELLOW,temperament
YELLOW,gratifying
YELLOW,tyranny
YELLOW,competitiveness
YELLOW,unidimensional
YELLOW,mayhem
YELLOW,primordial
YELLOW, 
YELLOW,strife
YELLOW,strait-jacketed
YELLOW,exploitable
YELLOW,inexorably
YELLOW,muster
YELLOW,territorial
YELLOW,axioms
YELLOW,malevolent
YELLOW,stark
YELLOW,bay
YELLOW,bureaucracies
YELLOW,cement
YELLOW,undercurrents
YELLOW,susceptibility
YELLOW,revelation
YELLOW,undoes
YELLOW,perpetrators
YELLOW,assertion
YELLOW,hysterical convulsions
YELLOW,sheer
YELLOW,withstand
YELLOW,integrated
YELLOW, 
YELLOW,slump
YELLOW,susceptibility
YELLOW,upwardly
YELLOW,instantiated
YELLOW,slump
YELLOW,ineffectual
YELLOW,stance
YELLOW,bracing
YELLOW,catastrophe
YELLOW,manifesting
YELLOW,finitude
YELLOW,comprehended
YELLOW,prophetic
YELLOW,intersect
YELLOW,rigid
YELLOW,Emboldened
YELLOW,voyage
YELLOW,noncompliance
YELLOW, 
YELLOW,practitioner
YELLOW,interventions
YELLOW, 
YELLOW,beleaguered
YELLOW,dialysis
YELLOW,beggars
YELLOW,beset
YELLOW,ration
YELLOW,distrust
YELLOW,improper
YELLOW,substandard
YELLOW,ferrets
YELLOW,Priestly
YELLOW,archaic
YELLOW,reducible
YELLOW,detached
YELLOW, attendant
YELLOW,constituents
YELLOW,subjugation
YELLOW,rustle
YELLOW,bushes
YELLOW,insofar
YELLOW,hearth
YELLOW,façade
YELLOW,stultification
YELLOW,uniformity
YELLOW,congenial
YELLOW,seldom
YELLOW,compelled
YELLOW,plunge
YELLOW,usurped
YELLOW,voyaged
YELLOW,deceit
YELLOW,reeling
YELLOW,axioms
YELLOW,visage
YELLOW,ineradicable
YELLOW,cruising
YELLOW,inanimate
YELLOW,forebears
YELLOW,preconceptions
YELLOW,inert
YELLOW,contend
YELLOW,stonemasons
YELLOW,bricklayers
YELLOW,lumberjacks
YELLOW,Order is G
YELLOW,guise
YELLOW,gestation
YELLOW,proclivity
YELLOW, 
YELLOW,androgyny
YELLOW,lucidly
YELLOW,hemispheric
YELLOW,novelty
YELLOW,lurking
YELLOW, 
YELLOW,proscriptive
YELLOW,descriptive
YELLOW,straddle
YELLOW,amalgamated
YELLOW,Redactor
YELLOW,amiss
YELLOW,legged
YELLOW, 
YELLOW,dichotomy
YELLOW,transcendent
YELLOW,quotidian
YELLOW,primordial
YELLOW, 
YELLOW,proclivity
YELLOW,infantilism
YELLOW,treacherous
YELLOW,egalitarian
YELLOW,unselfconscious
YELLOW,ratfink
YELLOW,cooperated
YELLOW,inadequacy
YELLOW,heroism
YELLOW,inadequacies
YELLOW,toto
YELLOW,reciprocity
YELLOW,armament
YELLOW,bolster
YELLOW, 
YELLOW,vengeful
YELLOW,careening trajectory
YELLOW,beaver
YELLOW,coyote
YELLOW,arid
YELLOW,thaws
YELLOW,upholstery
YELLOW,coexist
YELLOW,trudged
YELLOW,inventive
YELLOW,exoskeleton
YELLOW,nihilist
YELLOW,fracture
YELLOW,delinquent
YELLOW,surveyors
YELLOW, prairie
YELLOW,occupants
YELLOW, 
YELLOW,dismal
YELLOW,dreary
YELLOW,brandish
YELLOW,preferred
YELLOW,cynical
YELLOW,cronies
YELLOW,sloughed
YELLOW,indelibly
YELLOW,hem
YELLOW,notions
YELLOW,ruts
YELLOW,dismal
YELLOW,adolescent
YELLOW,furtive
YELLOW,egregious
YELLOW,grapevine
YELLOW,telltale
YELLOW,slits
YELLOW,wretchedly
YELLOW,gourd
YELLOW,nascent
YELLOW,deterministic
YELLOW,indolent
YELLOW, immutably
YELLOW,parcel
YELLOW,exacerbating
YELLOW,nihilistic
YELLOW,nurtured
YELLOW, paved
YELLOW, 
YELLOW,beckon
YELLOW,Faulty
YELLOW,"People choose friends who aren’t good for them for other reasons, too. Sometimes it’s because they want to rescue someone."
YELLOW,impetus
YELLOW,wannabes
YELLOW,sojourner
YELLOW,transgression
YELLOW,messianic
YELLOW,salvation
YELLOW,shuddering
YELLOW,thrash
YELLOW,gist
YELLOW,handkerchief
YELLOW,cynicism
YELLOW,aspersions
YELLOW,archetypal
YELLOW,unified
YELLOW,errant interloper
YELLOW,cynical
YELLOW,delinquent
YELLOW,nihilism
YELLOW,agency
YELLOW,martyrdom
YELLOW,stave
YELLOW,rectify
YELLOW,brandish
YELLOW,inexhaustible
YELLOW,bide
YELLOW,dissipated
YELLOW, 
YELLOW,chasm
YELLOW,ditch
YELLOW,travesty
YELLOW,Reciprocal
YELLOW,"You might say: out of loyalty. Well, loyalty is not identical to stupidity."
YELLOW, 
YELLOW,dimmer
YELLOW,inadequacy
YELLOW,eminent
YELLOW,appalling
YELLOW,dreads
YELLOW,meone
YELLOW,dwells
YELLOW, predisposed
YELLOW,condemns
YELLOW,mediocre
YELLOW,quell
YELLOW,Failure is the price we pay for standards
YELLOW,self-denigrating
YELLOW,weaves
YELLOW, 
YELLOW,withering
YELLOW,dismal
YELLOW,wretched
YELLOW,pessimistic
YELLOW, 
YELLOW,illusory
YELLOW,contradiction
YELLOW,omnipresent
YELLOW,stilled
YELLOW,irredeemably
YELLOW,gradations
YELLOW,obliterated
YELLOW, 
YELLOW,precedence
YELLOW,trajectory
YELLOW,stellar
YELLOW,unbridgeable
YELLOW, 
YELLOW,disarray
YELLOW,compel
YELLOW,corral
YELLOW,grind
YELLOW,entice
YELLOW,revelatory
YELLOW,triad
YELLOW,devour
YELLOW,primal
YELLOW,intolerable
YELLOW,adolescent
YELLOW,transcend
YELLOW,projectiles
YELLOW, 
YELLOW,implicit
YELLOW,disarray
YELLOW,derision
YELLOW,punitive
YELLOW, 
YELLOW,judicious
YELLOW,nooks
YELLOW,crannies
YELLOW,eradicate
YELLOW,tendency
YELLOW,beam
YELLOW,triage
YELLOW,peripheral
YELLOW,idiosyncratic
YELLOW,trajectory
YELLOW, presuppositions
YELLOW,interpretation
YELLOW,theology
YELLOW,mysticism
YELLOW, 
YELLOW,primordial
YELLOW,axiomatic
YELLOW,acolyte
YELLOW,dogmatic
YELLOW, internalize
YELLOW,distilled
YELLOW, 
YELLOW,emergent
YELLOW,unfathomable
YELLOW,injunctions
YELLOW,covenants
YELLOW,denizens
YELLOW, 
YELLOW,obliterated
YELLOW,forebears
YELLOW,hothouse
YELLOW,posit
YELLOW,worsening
YELLOW,enmity compounds
YELLOW,oft-arbitrary-seeming
YELLOW,trenchantly
YELLOW,subjugate
YELLOW,hydras
YELLOW,proficient
YELLOW,totalitarian
YELLOW,ameliorate
YELLOW,cessation
YELLOW,morrow
YELLOW,heavenward
YELLOW,clambers
YELLOW,perversely
YELLOW,toddler autonomy
YELLOW, 
YELLOW,bereft
YELLOW,hushed
YELLOW,vociferously
YELLOW,trot off
YELLOW,progeny
YELLOW,underlie
YELLOW,plausible
YELLOW,egalitarian
YELLOW, fetuses
YELLOW,spectacle
YELLOW,tenaciously
YELLOW,prodded
YELLOW,quotidian
YELLOW,insidious
YELLOW,unsullied
YELLOW,culpability
YELLOW, 
YELLOW,adolescent
YELLOW, 
YELLOW,counterproductive
YELLOW,intrinsically
YELLOW, 
YELLOW,fervent
YELLOW,worsening
YELLOW,intensity
YELLOW,stricken
YELLOW,quivering
YELLOW, 
YELLOW,prudent
YELLOW,exacerbate
YELLOW,tendencies
YELLOW, 
YELLOW,perpetual
YELLOW,fumbling
YELLOW,inexorably
YELLOW,catalyst
YELLOW,annoyance
YELLOW,predicament
YELLOW, necessitate
YELLOW,chastise
YELLOW,enculturation
YELLOW,pernicious
YELLOW,intrinsic
YELLOW,facilitate
YELLOW,taunting
YELLOW,contemptible
YELLOW,defy
YELLOW,salutary
YELLOW,bodily
YELLOW,inculcated
YELLOW,appease
YELLOW,innate
YELLOW,coexist
YELLOW,ornery
YELLOW,I could paralyze her into immobility with an evil glance.
YELLOW,stymied
YELLOW,blighter
YELLOW, 
YELLOW,poked
YELLOW,budge
YELLOW,deftly
YELLOW,offending
YELLOW,recalcitrant
YELLOW,aficionado
YELLOW,crib
YELLOW,soother
YELLOW,capitulate
YELLOW,He went down like a shot.
YELLOW,juxtaposed
YELLOW,traversed
YELLOW,B.F. Skinner
YELLOW,inconsequential
YELLOW,virtuoso
YELLOW,anecdote
YELLOW,potent
YELLOW,satiation
YELLOW,pristine
YELLOW,guise
YELLOW,bemoans
YELLOW,betrothed
YELLOW,mete
YELLOW,nudge
YELLOW,perpetrator
YELLOW,deign
YELLOW,glare
YELLOW,flick
YELLOW,niceness
YELLOW,grudge
YELLOW,varmint
YELLOW,requisite
YELLOW,chaff
YELLOW,interminable
YELLOW, 
YELLOW,delinquent juvenile
YELLOW,arsonist
YELLOW,plea
YELLOW,atrocity
YELLOW,detested
YELLOW,canoe
YELLOW,potlatch
YELLOW,harridan
YELLOW,perpetuated
YELLOW, 
YELLOW,Distress
YELLOW,constrain
YELLOW,squandered
YELLOW,rectified
YELLOW,atoned
YELLOW,gulag
YELLOW,hubristic
YELLOW,brazenly
YELLOW,heeded
YELLOW,smites
YELLOW,wayward
YELLOW,abject
YELLOW, 
YELLOW,adhere
YELLOW,dikes
YELLOW,levee
YELLOW,comprehend
YELLOW,apprehend
YELLOW,iniquity
YELLOW,contemplation
YELLOW,forefathers
YELLOW,proposition
YELLOW,demise
YELLOW,staved
YELLOW,Prosaically
YELLOW,mundane
YELLOW,bargained
YELLOW,plight
YELLOW,enactment
YELLOW,licentious
YELLOW,dispensed
YELLOW,begrudging
YELLOW, vexed
YELLOW,apocryphal
YELLOW,unclenching
YELLOW,relinquishing
YELLOW,pertains
YELLOW,confines
YELLOW,abeyance
YELLOW,rectify
YELLOW,veritable
YELLOW,acquittal
YELLOW,irksome
YELLOW,vexations
YELLOW,immolation
YELLOW,thereof
YELLOW, 
YELLOW,dramatized
YELLOW,foregone
YELLOW,dallied
YELLOW,havoc
YELLOW,countenance
YELLOW,predisposed
YELLOW,begrudgingly
YELLOW,hostile
YELLOW,treacherous
YELLOW,subtil
YELLOW,culminating
YELLOW,wilderness
YELLOW,broods
YELLOW,malice
YELLOW,confound
YELLOW,aforethought
YELLOW,sojourn
YELLOW,exactitude
YELLOW, missive
YELLOW,signify
YELLOW,reconcile
YELLOW,precursor
YELLOW,usurper
YELLOW,stature
YELLOW,incarnate
YELLOW,ardently
YELLOW,quell
YELLOW,mockery
YELLOW,dispenses
YELLOW,commanding
YELLOW,pinnacle
YELLOW,proximal
YELLOW,stratified
YELLOW,akin
YELLOW,soar
YELLOW,fray
YELLOW,transcend
YELLOW,untrammeled
YELLOW,detached
YELLOW, 
YELLOW,contrives
YELLOW,sage
YELLOW,conduct
YELLOW,prosaic
YELLOW,totalitarian
YELLOW,axiom
YELLOW,alleviation
YELLOW,trumps
YELLOW,gratifies
YELLOW,atonement
YELLOW,fractured
YELLOW,potential
YELLOW,triumphant
YELLOW,exhilaration
YELLOW,ecstatic
YELLOW,pristine
YELLOW,attendant
YELLOW,immaculate
YELLOW,abundant
YELLOW,precedence
YELLOW,interminable
YELLOW,asylums
YELLOW,strait-laced
YELLOW,reprimand
YELLOW,contextual
YELLOW,inkling
YELLOW,crestfallen
YELLOW,intentness
YELLOW,paranoia
YELLOW,uncanny
YELLOW,unperturbed
YELLOW, 
YELLOW,misuses
YELLOW,impeccably
YELLOW,bore
YELLOW,laminated
YELLOW,bender
YELLOW,binge
YELLOW,familial
YELLOW,patriarchs
YELLOW,precipitously
YELLOW,anglophone
YELLOW,deceit
YELLOW,traversing
YELLOW, submerged
YELLOW,spin
YELLOW,unscrupulous
YELLOW,sloganeering
YELLOW,ratchet
YELLOW,garner
YELLOW,martyrdom
YELLOW,topple
YELLOW,windmills
YELLOW,decides
YELLOW, 
YELLOW,transmutes
YELLOW,axiom
YELLOW,swarming
YELLOW,gnaws
YELLOW,obliteration
YELLOW, nascent
YELLOW,gulag
YELLOW,denounces
YELLOW,deluded
YELLOW,endemic
YELLOW,sentiment
YELLOW,strata
YELLOW,impudence
YELLOW,camouflage
YELLOW,instantiated
YELLOW,susceptible
YELLOW,malign
YELLOW, 
YELLOW,amalgamate
YELLOW, axiomatic
YELLOW,manifold
YELLOW,actualities
YELLOW,edifices
YELLOW,guise
YELLOW,abundantly
YELLOW,benevolence
YELLOW,diverging
YELLOW,cling
